key,source,zh,refs,is_interpolated
error_lines,    ,,lib/chipper/models/error_lines.dart:302,
mod_install_selection_dialog,  •  ,,lib/mod_manager/widgets/mod_install_selection_dialog.dart:388;lib/mod_profiles/mod_profile_card.dart:327,
, $i,,lib/onboarding/onboarding_page.dart:269;lib/trios/settings/settings_page.dart:572,yes
, ${e.key},,lib/ship_viewer/widgets/ship_codex_card.dart:690,yes
, ${entry.key},,lib/ship_viewer/widgets/ship_codex_card.dart:757,yes
mod_entry, • ,,lib/chipper/models/mod_entry.dart:57;lib/chipper/models/mod_entry.dart:73,
onboarding, ∞,,lib/onboarding/onboarding_page.dart:272;lib/trios/settings/settings_page.dart:576,
,$concurrentExtractions,,lib/trios/settings/settings_page.dart:658,yes
,$k: ,,lib/ship_viewer/widgets/ship_details_dialog.dart:400;lib/weapon_viewer/widgets/weapon_details_dialog.dart:325,yes
,$label:,,lib/toolbar/app_action_buttons.dart:477,yes
,$label: ,,lib/ship_viewer/widgets/ship_details_dialog.dart:424;lib/weapon_viewer/widgets/weapon_details_dialog.dart:349;lib/widgets/merge_mod_sources_view.dart:78,yes
,$line\n,,lib/dashboard/changelogs.dart:184;lib/dashboard/changelogs.dart:191,yes
,${entry.value.count}×,,lib/ship_viewer/widgets/ship_codex_card.dart:756,yes
,${item.builtInMods?.length ?? 0},,lib/ship_viewer/ships_page.dart:546,yes
,${item.builtInWeapons?.length ?? 0},,lib/ship_viewer/ships_page.dart:537,yes
,${item.builtInWings?.length ?? 0},,lib/ship_viewer/ships_page.dart:555,yes
,${item.mountableWeaponSlotCount},,lib/ship_viewer/ships_page.dart:527,yes
,${localVersionCheck?.modVersion},,lib/dashboard/version_check_text_readout.dart:99,yes
,${mod.findHighestVersion?.modInfo.name},,lib/widgets/debug_info.dart:194,yes
,${modEntry.modId},,lib/chipper/models/mod_entry.dart:79,yes
,${modEntry.modVersion},,lib/chipper/models/mod_entry.dart:63,yes
,${remoteVersionCheck?.remoteVersion?.modVersion},,lib/dashboard/version_check_text_readout.dart:80,yes
,${row.label}${row.suffix},,lib/vram_estimator/widgets/vram_mod_breakdown_dialog.dart:547,yes
,${state.hiddenFactionIds.length},,lib/sector_map/sector_map_page.dart:203,yes
mods_grid,", ",,lib/mod_manager/mods_grid_page.dart:2215;lib/ship_viewer/widgets/ship_codex_card.dart:738;lib/ship_viewer/widgets/ship_codex_card.dart:807,
codexBack,Back,,lib/onboarding/onboarding_page.dart:465,
settingsBios,BiOS,,lib/trios/settings/settings_page.dart:1751;lib/trios/settings/settings_page.dart:1837,
commonCancel,Cancel,,lib/dashboard/mod_list_basic.dart:765;lib/mod_manager/mods_grid_page.dart:1044;lib/mod_manager/mods_grid_page.dart:1598;lib/mod_manager/mods_grid_page.dart:1636;lib/mod_manager/widgets/category_context_menu.dart:311;lib/mod_manager/widgets/category_management_popup.dart:439;lib/mod_manager/widgets/create_category_dialog.dart:143;lib/mod_manager/widgets/mod_install_selection_dialog.dart:242;lib/mod_profiles/mod_profile_card.dart:416;lib/mod_profiles/mod_profiles_manager.dart:595;lib/mod_profiles/mod_profiles_page.dart:641;lib/mod_records/mod_record_sources_dialog.dart:326;lib/portraits/portraits_page_controller.dart:1203;lib/toolbar/app_action_buttons.dart:131;lib/toolbar/nav_reorder_menu.dart:65,
commonClose,Close,,lib/hullmod_viewer/widgets/hullmod_details_dialog.dart:65;lib/hullmod_viewer/widgets/hullmod_details_dialog.dart:80;lib/mod_manager/mod_data_warning_icon.dart:113;lib/mod_manager/mod_info_dialog.dart:745;lib/portraits/portraits_page.dart:1157;lib/portraits/portraits_page_controller.dart:1011;lib/tips/tips_page.dart:150;lib/toolbar/app_action_buttons.dart:347;lib/trios/settings/debug_section.dart:790,
mod_list_basicColorful,Colorful,,lib/mod_manager/mods_grid_page.dart:1430,
catalogDebugInfo,Debug Info,,lib/toolbar/app_action_buttons.dart:440,
categoryManagementPopupDelete,Delete,,lib/mod_profiles/mod_profile_card.dart:427,
settingsDerelict,Derelict,,lib/trios/settings/settings_page.dart:1791,
triosDisable,Disable,,lib/mod_manager/mod_context_menu.dart:118;lib/mod_manager/mod_info_dialog.dart:771;lib/mod_manager/mod_version_selection_dropdown.dart:234,
catalogDownload,Download,,lib/dashboard/mod_list_basic.dart:772,
appEnable,Enable,,lib/mod_manager/mod_context_menu.dart:90;lib/mod_manager/mod_info_dialog.dart:787;lib/mod_manager/mod_info_dialog.dart:828,
modsGridEnableAll,Enable All,,lib/toolbar/activity_icon_button.dart:392,
settingsEnglish,English,,lib/trios/settings/settings_page.dart:1667,
,Error: $error,,lib/mod_profiles/mod_profiles_page.dart:159;lib/mod_profiles/mod_profiles_page.dart:237,yes
hullmodsExportToCsv,Export to CSV,,lib/mod_manager/mods_grid_page.dart:1687,
finderCatalogFarmland,Farmland,,lib/sector_map/finder/finder_catalog.dart:78,
settingsHegos,HegOS,,lib/trios/settings/settings_page.dart:1833,
settingsHegemony,Hegemony,,lib/trios/settings/settings_page.dart:1747,
settingsIndependents,Independents,,lib/trios/settings/settings_page.dart:1759,
settingsIndieos,IndieOS,,lib/trios/settings/settings_page.dart:1845,
catalogInstalled,Installed,,lib/mod_records/mod_record_sources_dialog.dart:344,
settingsKnightos,KnightOS,,lib/trios/settings/settings_page.dart:1869,
settingsKnightsOfLudd,Knights of Ludd,,lib/trios/settings/settings_page.dart:1787,
settingsLionSGuard,Lion's Guard,,lib/trios/settings/settings_page.dart:1783,
settingsLuddos,LuddOS,,lib/trios/settings/settings_page.dart:1853,
settingsLuddicChurch,Luddic Church,,lib/trios/settings/settings_page.dart:1767,
settingsLuddicPath,Luddic Path,,lib/trios/settings/settings_page.dart:1771,
settingsMercenary,Mercenary,,lib/trios/settings/settings_page.dart:1795,
settingsMyos,MyOS,,lib/trios/settings/settings_page.dart:1865,
appNoThanks,No thanks,,lib/onboarding/onboarding_page.dart:400,
codexNone,None,,lib/mod_manager/homebrew_grid/wispgrid_group_row.dart:436;lib/mod_manager/homebrew_grid/wispgrid_header_row_view.dart:467;lib/mod_manager/mods_grid_page.dart:1340;lib/mod_manager/widgets/category_context_menu.dart:356;lib/mod_manager/widgets/category_management_popup.dart:774,
factionViewerOnlyEnabledMods,Only Enabled Mods,,lib/portraits/portraits_page_controller.dart:270,
catalogOpen,Open,,lib/dashboard/dashboard.dart:209,
modInfoDialogOpenFolder,Open Folder,,lib/tips/tips_page.dart:410,
factionViewerOpenModFolder,Open Mod Folder,,lib/portraits/portraits_gridview.dart:300,
finderCatalogOre,Ore,,lib/sector_map/finder/finder_catalog.dart:38,
finderCatalogOrganics,Organics,,lib/sector_map/finder/finder_catalog.dart:56,
settingsPathos,PathOS,,lib/trios/settings/settings_page.dart:1857,
settingsPiratos,PiratOS,,lib/trios/settings/settings_page.dart:1849,
settingsPirates,Pirates,,lib/trios/settings/settings_page.dart:1763,
finderCatalogRareOre,Rare ore,,lib/sector_map/finder/finder_catalog.dart:44,
catalogRecheck,Recheck,,lib/mod_manager/mods_grid_page.dart:2036,
catalogReload,Reload,,lib/dashboard/dashboard.dart:232,
finderReset,Reset,,lib/toolbar/nav_reorder_menu.dart:69,
settingsSindros,SindrOS,,lib/trios/settings/settings_page.dart:1841,
settingsSindrianDiktat,Sindrian Diktat,,lib/trios/settings/settings_page.dart:1755,
chipperSystem,System,,lib/trios/settings/settings_page.dart:1666,
modInfoDialogTrios,TriOS,,lib/trios/settings/settings_page.dart:1739;lib/trios/settings/settings_page.dart:1829,
vanillaShareBarVanilla,Vanilla,,lib/portraits/portraits_gridview.dart:185,
catalogViewModDetails,View Mod Details...,,lib/mod_manager/mod_context_menu.dart:351,
finderCatalogVolatiles,Volatiles,,lib/sector_map/finder/finder_catalog.dart:67,
settingsRedacted,[REDACTED],,lib/trios/settings/settings_page.dart:1775;lib/trios/settings/settings_page.dart:1861,
inline_span_builderN,\n,,lib/catalog/forum_post_dialog/inline_span_builder.dart:78,
,\t\t\t\t- $text,,lib/about/about_page.dart:90,yes
onboarding2,ಠ_ಠ,,lib/trios/settings/settings_page.dart:1632,
settings,简体中文,,lib/trios/settings/settings_page.dart:1668,
